ticket_subject,ticket_description,requester_email,cc_email
Issue 1,This is ticket 1,user1@example.com,user2@example.com
Issue 2,This is ticket 2,user2@example.com,user3@example.com
Issue 3,This is ticket 3,user3@example.com,user4@example.com
Issue 4,This is ticket 4,user4@example.com,user5@example.com
Issue 5,This is ticket 5,user5@example.com,user6@example.com
Issue 6,This is ticket 6,user6@example.com,user7@example.com
Issue 7,This is ticket 7,user7@example.com,user8@example.com
Issue 8,This is ticket 8,user8@example.com,user9@example.com
Issue 9,This is ticket 9,user9@example.com,user10@example.com
Issue 10,This is ticket 10,user10@example.com,user1@example.com
